Workbook

Sheet info

Sheet 2014-07-26T19_52_50
B1: depth | C1: a0 | D1: a180 | E1: b0 | F1: b180 | G1: checksum_a | H1: checksum_b | I1: dev_a | J1: dev_b | K1: incr_dev_a | L1: incr_dev_b | M1: abs_dev_a | N1: abs_dev_b | O1: desp_a | P1: desp_b
A2: 0 | B2: 0.5 | C2: -15.15394 | D2: 15.21256 | E2: 9.19747 | F2: -9.26508 | G2: 0.05862 | H2: -0.06761 | I2: -15.18325 | J2: 9.231275 | K2: 0 | L2: 0 | M2: 261.8952 | N2: 468.553 | O2: 0 | P2: 0
A3: 1 | B3: 1 | C3: -12.066 | D3: 12.17909 | E3: 6.77069 | F3: -6.86869 | G3: 0.11309 | H3: -0.098 | I3: -12.122545 | J3: 6.81969 | K3: 0 | L3: 0 | M3: 277.07846 | N3: 459.32172 | O3: 0 | P3: 0
A4: 2 | B4: 1.5 | C4: -5.18819 | D4: 5.29703 | E4: 3.30554 | F4: -3.33321 | G4: 0.10884 | H4: -0.02767 | I4: -5.24261 | J4: 3.319375 | K4: 0 | L4: 0 | M4: 289.201 | N4: 452.50203 | O4: 0 | P4: 0
A5: 3 | B5: 2 | C5: 3.35587 | D5: -3.21225 | E5: -0.78531 | F5: 0.72444 | G5: 0.14362 | H5: -0.06087 | I5: 3.28406 | J5: -0.754875 | K5: 0 | L5: 0 | M5: 294.44361 | N5: 449.18266 | O5: 0 | P5: 0
A6: 4 | B6: 2.5 | C6: 10.42814 | D6: -10.34568 | E6: -3.55585 | F6: 3.54866 | G6: 0.08246 | H6: -0.00719 | I6: 10.38691 | J6: -3.552255 | K6: 0 | L6: 0 | M6: 291.15955 | N6: 449.93753 | O6: 0 | P6: 0
A7: 5 | B7: 3 | C7: 11.48191 | D7: -11.39023 | E7: -7.93339 | F7: 7.76325 | G7: 0.09168 | H7: -0.17014 | I7: 11.43607 | J7: -7.84832 | K7: 0 | L7: 0 | M7: 280.77264 | N7: 453.48978 | O7: 0 | P7: 0
A8: 6 | B8: 3.5 | C8: 9.87442 | D8: -9.79279 | E8: -9.55936 | F8: 9.47275 | G8: 0.08163 | H8: -0.08661 | I8: 9.833605 | J8: -9.516055 | K8: 0 | L8: 0 | M8: 269.33657 | N8: 461.3381 | O8: 0 | P8: 0
A9: 7 | B9: 4 | C9: 14.24406 | D9: -14.12729 | E9: -9.5457 | F9: 9.44815 | G9: 0.11677 | H9: -0.09755 | I9: 14.185675 | J9: -9.496925 | K9: 0 | L9: 0 | M9: 259.50297 | N9: 470.85416 | O9: 0 | P9: 0
A10: 8 | B10: 4.5 | C10: 15.95871 | D10: -15.87934 | E10: -8.56153 | F10: 8.5154 | G10: 0.07937 | H10: -0.04613 | I10: 15.919025 | J10: -8.538465 | K10: 0 | L10: 0 | M10: 245.31729 | N10: 480.35109 | O10: 0 | P10: 0
A11: 9 | B11: 5 | C11: 17.31556 | D11: -17.26135 | E11: -5.43889 | F11: 5.38481 | G11: 0.05421 | H11: -0.05408 | I11: 17.288455 | J11: -5.41185 | K11: 0 | L11: 0 | M11: 229.39827 | N11: 488.88955 | O11: 0 | P11: 0
A12: 10 | B12: 5.5 | C12: 20.53744 | D12: -20.50947 | E12: -1.05001 | F12: 1.01158 | G12: 0.02797 | H12: -0.03843 | I12: 20.523455 | J12: -1.030795 | K12: 0 | L12: 0 | M12: 212.10981 | N12: 494.3014 | O12: 0 | P12: 0
A13: 11 | B13: 6 | C13: 25.29917 | D13: -25.22171 | E13: 3.92111 | F13: -3.84129 | G13: 0.07746 | H13: 0.07982 | I13: 25.26044 | J13: 3.8812 | K13: 0 | L13: 0 | M13: 191.58636 | N13: 495.3322 | O13: 0 | P13: 0
... A73: 71 | B73: 36 | C73: 7.25391 | D73: -7.15315 | E73: 4.4329 | F73: -4.48275 | G73: 0.10076 | H73: -0.04985 | I73: 7.20353 | J73: 4.457825 | K73: 0 | L73: 0 | M73: 7.20353 | N73: 4.457825 | O73: 0 | P73: 0
G76: =C73+D73 -> 0.10076 | H76: =E73+F73 -> -0.04985 | I76: =(C73-D73)/2 -> 7.20353 | J76: =(E73-F73)/2 -> 4.457825

Sheet 2017-06-26T15_07_00
B1: index | C1: cota_abs | D1: depth | E1: a0 | F1: a180 | G1: b0 | H1: b180 | I1: checksum_a | J1: checksum_b | K1: dev_a | L1: dev_b | M1: incr_dev_a | N1: incr_dev_b | O1: abs_dev_a | P1: abs_dev_b | Q1: desp_a | R1: desp_b
A2: 0 | B2: 1000 | C2: 0.5 | D2: 0.5 | E2: 14.92174 | F2: 2.79087 | G2: -9.43503 | H2: -19.3858 | I2: 17.71261 | J2: -28.82083 | K2: 6.065435 | L2: 4.975385 | M2: 21.248685 | N2: -4.25589 | O2: -234.48839 | P2: 457.86582 | Q2: -496.3836 | R2: -10.687175
A3: 1 | B3: 1001 | C3: 1 | D3: 1 | E3: 11.83895 | F3: 2.79072 | G3: -6.91758 | H3: -19.38313 | I3: 14.62967 | J3: -26.30071 | K3: 4.524115 | L3: 6.232775 | M3: 16.64666 | N3: -0.586915 | O3: -240.55383 | P3: 452.89043 | Q3: -517.63228 | R3: -6.431285
A4: 2 | B4: 1002 | C4: 1.5 | D4: 1.5 | E4: 4.81966 | F4: 2.7902 | G4: -3.36497 | H4: -19.38413 | I4: 7.60986 | J4: -22.7491 | K4: 1.01473 | L4: 8.00958 | M4: 6.25734 | N4: 4.690205 | O4: -245.07794 | P4: 446.65766 | Q4: -534.27894 | R4: -5.84437
A5: 3 | B5: 1003 | C5: 2 | D5: 2 | E5: -3.66028 | F5: 2.79143 | G5: 0.66665 | H5: -19.38544 | I5: -0.86885 | J5: -18.71879 | K5: -3.225855 | L5: 10.026045 | M5: -6.509915 | N5: 10.78092 | O5: -246.09267 | P5: 438.64808 | Q5: -540.53628 | R5: -10.534575
A6: 4 | B6: 1004 | C6: 2.5 | D6: 2.5 | E6: -10.64536 | F6: 2.79242 | G6: 3.45781 | H6: -19.38626 | I6: -7.85294 | J6: -15.92845 | K6: -6.71889 | L6: 11.422035 | M6: -17.1058 | N6: 14.97429 | O6: -242.86682 | P6: 428.62203 | Q6: -534.02637 | R6: -21.315495
A7: 5 | B7: 1005 | C7: 3 | D7: 3 | E7: -11.36937 | F7: 2.79525 | G7: 7.7744 | H7: -19.38676 | I7: -8.57412 | J7: -11.61236 | K7: -7.08231 | L7: 13.58058 | M7: -18.51838 | N7: 21.4289 | O7: -236.14792 | P7: 417.2 | Q7: -516.92057 | R7: -36.289785
A8: 6 | B8: 1006 | C8: 3.5 | D8: 3.5 | E8: -10.00494 | F8: 2.79383 | G8: 9.38909 | H8: -19.38588 | I8: -7.21111 | J8: -9.99679 | K8: -6.399385 | L8: 14.387485 | M8: -16.23299 | N8: 23.90354 | O8: -229.06562 | P8: 403.61942 | Q8: -498.40219 | R8: -57.718685
A9: 7 | B9: 1007 | C9: 4 | D9: 4 | E9: -14.40674 | F9: 2.7926 | G9: 9.34464 | H9: -19.38475 | I9: -11.61414 | J9: -10.04011 | K9: -8.59967 | L9: 14.364695 | M9: -22.785345 | N9: 23.86162 | O9: -222.66623 | P9: 389.23193 | Q9: -482.1692 | R9: -81.622225
A10: 8 | B10: 1008 | C10: 4.5 | D10: 4.5 | E10: -15.98698 | F10: 2.79184 | G10: 8.21484 | H10: -19.38235 | I10: -13.19514 | J10: -11.16751 | K10: -9.38941 | L10: 13.798595 | M10: -25.308435 | N10: 22.33706 | O10: -214.06656 | P10: 374.86724 | Q10: -459.38385 | R10: -105.48385
A11: 9 | B11: 1009 | C11: 5 | D11: 5 | E11: -17.45868 | F11: 2.79221 | G11: 5.15636 | H11: -19.38118 | I11: -14.66647 | J11: -14.22482 | K11: -10.125445 | L11: 12.26877 | M11: -27.4139 | N11: 17.68062 | O11: -204.67715 | P11: 361.06864 | Q11: -434.07542 | R11: -127.8209
A12: 10 | B12: 1010 | C12: 5.5 | D12: 5.5 | E12: -20.71947 | F12: 2.79195 | G12: 0.70081 | H12: -19.3825 | I12: -17.92752 | J12: -18.68169 | K12: -11.75571 | L12: 10.041655 | M12: -32.279165 | N12: 11.07245 | O12: -194.5517 | P12: 348.79987 | Q12: -406.66152 | R12: -145.50152
A13: 11 | B13: 1011 | C13: 6 | D13: 6 | E13: -25.4538 | F13: 2.78962 | G13: -4.28551 | H13: -19.38351 | I13: -22.66418 | J13: -23.66902 | K13: -14.12171 | L13: 7.549 | M13: -39.38215 | N13: 3.6678 | O13: -182.796 | P13: 338.75822 | Q13: -374.38235 | R13: -156.57397
... A73: 71 | B73: 1071 | C73: 36 | D73: 36 | E73: -7.26494 | F73: 2.79129 | G73: -4.74705 | H73: -19.36473 | I73: -4.47365 | J73: -24.11178 | K73: -5.028115 | L73: 7.30884 | M73: -12.231645 | N73: 2.851015 | O73: -5.028115 | P73: 7.30884 | Q73: -12.231645 | R73: 2.851015
I76: =E73+F73 -> -4.47365 | J76: =G73+H73 -> -24.11178 | K76: =(E73-F73)/2 -> -5.028115 | L76: =(G73-H73)/2 -> 7.30884 | M76: =K76-'2014-07-26T19_52_50'!I76 -> -12.231645 | N76: =L76-'2014-07-26T19_52_50'!J76 -> 2.851015

Sheet 2017-06-26T15_25_31
B1: index | C1: cota_abs | D1: depth | E1: a0 | F1: a180 | G1: b0 | H1: b180 | I1: checksum_a | J1: checksum_b | K1: dev_a | L1: dev_b | M1: incr_dev_a | N1: incr_dev_b | O1: abs_dev_a | P1: abs_dev_b | Q1: desp_a | R1: desp_b
A2: 0 | B2: 1000 | C2: 0.5 | D2: 0.5 | E2: -15.12895 | F2: 14.94135 | G2: 9.02547 | H2: -9.42014 | I2: -0.1876 | J2: -0.39467 | K2: -15.03515 | L2: 9.222805 | M2: 0.1481 | N2: -0.00847 | O2: 262.42878 | P2: 467.07069 | Q2: 0.533575 | R2: -1.482305
A3: 1 | B3: 1001 | C3: 1 | D3: 1 | E3: -11.9193 | F3: 11.82879 | G3: 6.56573 | H3: -6.86581 | I3: -0.09051 | J3: -0.30008 | K3: -11.874045 | L3: 6.71577 | M3: 0.2485 | N3: -0.10392 | O3: 277.46393 | P3: 457.84789 | Q3: 0.385475 | R3: -1.473835
A4: 2 | B4: 1002 | C4: 1.5 | D4: 1.5 | E4: -4.9413 | F4: 4.78733 | G4: 3.05525 | H4: -3.42004 | I4: -0.15397 | J4: -0.36479 | K4: -4.864315 | L4: 3.237645 | M4: 0.378295 | N4: -0.08173 | O4: 289.33797 | P4: 451.13212 | Q4: 0.136975 | R4: -1.369915
A5: 3 | B5: 1003 | C5: 2 | D5: 2 | E5: 3.55991 | F5: -3.69353 | G5: -1.01135 | H5: 0.64035 | I5: -0.13362 | J5: -0.371 | K5: 3.62672 | L5: -0.82585 | M5: 0.34266 | N5: -0.070975 | O5: 294.20229 | P5: 447.89447 | Q5: -0.24132 | R5: -1.288185
A6: 4 | B6: 1004 | C6: 2.5 | D6: 2.5 | E6: 10.53248 | F6: -10.66787 | G6: -3.80521 | H6: 3.63989 | I6: -0.13539 | J6: -0.16532 | K6: 10.600175 | L6: -3.72255 | M6: 0.213265 | N6: -0.170295 | O6: 290.57557 | P6: 448.72032 | Q6: -0.58398 | R6: -1.21721
A7: 5 | B7: 1005 | C7: 3 | D7: 3 | E7: 11.17823 | F7: -11.34551 | G7: -8.02046 | H7: 7.8318 | I7: -0.16728 | J7: -0.18866 | K7: 11.26187 | L7: -7.92613 | M7: -0.1742 | N7: -0.07781 | O7: 279.97539 | P7: 452.44287 | Q7: -0.797245 | R7: -1.046915
A8: 6 | B8: 1006 | C8: 3.5 | D8: 3.5 | E8: 9.84854 | F8: -9.99293 | G8: -9.6939 | H8: 9.32329 | I8: -0.14439 | J8: -0.37061 | K8: 9.920735 | L8: -9.508595 | M8: 0.08713 | N8: 0.00746 | O8: 268.71353 | P8: 460.369 | Q8: -0.623045 | R8: -0.969105
A9: 7 | B9: 1007 | C9: 4 | D9: 4 | E9: 14.26237 | F9: -14.44944 | G9: -9.59565 | H9: 9.27667 | I9: -0.18707 | J9: -0.31898 | K9: 14.355905 | L9: -9.43616 | M9: 0.17023 | N9: 0.060765 | O9: 258.79279 | P9: 469.8776 | Q9: -0.710175 | R9: -0.976565
A10: 8 | B10: 1008 | C10: 4.5 | D10: 4.5 | E10: 15.80435 | F10: -16.00717 | G10: -8.54324 | H10: 8.26951 | I10: -0.20282 | J10: -0.27373 | K10: 15.90576 | L10: -8.406375 | M10: -0.013265 | N10: 0.13209 | O10: 244.43688 | P10: 479.31376 | Q10: -0.880405 | R10: -1.03733
A11: 9 | B11: 1009 | C11: 5 | D11: 5 | E11: 17.26617 | F11: -17.47697 | G11: -5.44009 | H11: 5.0596 | I11: -0.2108 | J11: -0.38049 | K11: 17.37157 | L11: -5.249845 | M11: 0.083115 | N11: 0.162005 | O11: 228.53113 | P11: 487.72013 | Q11: -0.86714 | R11: -1.16942
A12: 10 | B12: 1010 | C12: 5.5 | D12: 5.5 | E12: 20.51617 | F12: -20.73939 | G12: -1.00439 | H12: 0.72277 | I12: -0.22322 | J12: -0.28162 | K12: 20.62778 | L12: -0.86358 | M12: 0.104325 | N12: 0.167215 | O12: 211.15956 | P12: 492.96997 | Q12: -0.950255 | R12: -1.331425
A13: 11 | B13: 1011 | C13: 6 | D13: 6 | E13: 25.28357 | F13: -25.51451 | G13: 4.02926 | H13: -4.2823 | I13: -0.23094 | J13: -0.25304 | K13: 25.39904 | L13: 4.15578 | M13: 0.1386 | N13: 0.27458 | O13: 190.53178 | P13: 493.83355 | Q13: -1.05458 | R13: -1.49864
... A73: 71 | B73: 1071 | C73: 36 | D73: 36 | E73: 7.07786 | F73: -7.25033 | G73: 4.27602 | H73: -4.62433 | I73: -0.17247 | J73: -0.34831 | K73: 7.164095 | L73: 4.450175 | M73: -0.039435 | N73: -0.00765 | O73: 7.164095 | P73: 4.450175 | Q73: -0.039435 | R73: -0.00765
I76: =E73+F73 -> -0.17247 | J76: =G73+H73 -> -0.34831 | K76: =(E73-F73)/2 -> 7.164095 | L76: =(G73-H73)/2 -> 4.450175 | M76: =K76-'2014-07-26T19_52_50'!I76 -> -0.039435 | N76: =L76-'2014-07-26T19_52_50'!J76 -> -0.00765

Sheet 2017-06-28T09_56_50
B1: index | C1: cota_abs | D1: depth | E1: a0 | F1: a180 | G1: b0 | H1: b180 | I1: checksum_a | J1: checksum_b | K1: dev_a | L1: dev_b | M1: incr_dev_a | N1: incr_dev_b | O1: abs_dev_a | P1: abs_dev_b | Q1: desp_a | R1: desp_b
A2: 0 | B2: 1000 | C2: 0.5 | D2: 0.5 | E2: -15.59489 | F2: 15.27852 | G2: 9.08218 | H2: -9.06691 | I2: -0.31637 | J2: 0.01527 | K2: -15.436705 | L2: 9.074545 | M2: -0.401555 | N2: -0.14826 | O2: 254.78778 | P2: 465.88099 | Q2: -7.10742 | R2: -2.67201
A3: 1 | B3: 1001 | C3: 1 | D3: 1 | E3: -13.03755 | F3: 12.80119 | G3: 7.31401 | H3: -7.84818 | I3: -0.23636 | J3: -0.53417 | K3: -12.91937 | L3: 7.581095 | M3: -1.045325 | N3: 0.865325 | O3: 270.22449 | P3: 456.80644 | Q3: -6.853965 | R3: -2.51528
A4: 2 | B4: 1002 | C4: 1.5 | D4: 1.5 | E4: -6.94972 | F4: 6.73478 | G4: 4.07092 | H4: -4.33934 | I4: -0.21494 | J4: -0.26842 | K4: -6.84225 | L4: 4.20513 | M4: -1.977935 | N4: 0.967485 | O4: 283.14386 | P4: 449.22535 | Q4: -6.05714 | R4: -3.276685
A5: 3 | B5: 1003 | C5: 2 | D5: 2 | E5: 1.54739 | F5: -1.77429 | G5: -0.15085 | H5: -0.11118 | I5: -0.2269 | J5: -0.26203 | K5: 1.66084 | L5: -0.019835 | M5: -1.96588 | N5: 0.806015 | O5: 289.98611 | P5: 445.02022 | Q5: -4.4575 | R5: -4.16244
A6: 4 | B6: 1004 | C6: 2.5 | D6: 2.5 | E6: 9.04926 | F6: -9.24424 | G6: -3.05813 | H6: 2.83434 | I6: -0.19498 | J6: -0.22379 | K6: 9.14675 | L6: -2.946235 | M6: -1.453425 | N6: 0.776315 | O6: 288.32527 | P6: 445.04005 | Q6: -2.83428 | R6: -4.89748
A7: 5 | B7: 1005 | C7: 3 | D7: 3 | E7: 11.96848 | F7: -12.11619 | G7: -7.07658 | H7: 6.54745 | I7: -0.14771 | J7: -0.52913 | K7: 12.042335 | L7: -6.812015 | M7: 0.780465 | N7: 1.114115 | O7: 279.17852 | P7: 447.98629 | Q7: -1.59412 | R7: -5.5035
A8: 6 | B8: 1006 | C8: 3.5 | D8: 3.5 | E8: 9.34916 | F8: -9.64119 | G8: -9.56291 | H8: 9.28832 | I8: -0.29203 | J8: -0.27459 | K8: 9.495175 | L8: -9.425615 | M8: -0.42556 | N8: 0.08298 | O8: 267.13618 | P8: 454.7983 | Q8: -2.200385 | R8: -6.539805
A9: 7 | B9: 1007 | C9: 4 | D9: 4 | E9: 13.10211 | F9: -13.26044 | G9: -9.57623 | H9: 9.21463 | I9: -0.15833 | J9: -0.3616 | K9: 13.181275 | L9: -9.39543 | M9: -1.17463 | N9: 0.04073 | O9: 257.64101 | P9: 464.22392 | Q9: -1.861955 | R9: -6.630245
A10: 8 | B10: 1008 | C10: 4.5 | D10: 4.5 | E10: 15.6931 | F10: -15.93582 | G10: -9.03754 | H10: 8.64839 | I10: -0.24272 | J10: -0.38915 | K10: 15.81446 | L10: -8.842965 | M10: -0.0913 | N10: -0.43659 | O10: 244.45973 | P10: 473.61935 | Q10: -0.857555 | R10: -6.73174
A11: 9 | B11: 1009 | C11: 5 | D11: 5 | E11: 16.603 | F11: -16.86798 | G11: -6.50162 | H11: 6.00178 | I11: -0.26498 | J11: -0.49984 | K11: 16.73549 | L11: -6.2517 | M11: -0.63608 | N11: -1.001855 | O11: 228.64527 | P11: 482.46231 | Q11: -0.75299 | R11: -6.42724
A12: 10 | B12: 1010 | C12: 5.5 | D12: 5.5 | E12: 19.67744 | F12: -19.95228 | G12: -1.99387 | H12: 1.69082 | I12: -0.27484 | J12: -0.30305 | K12: 19.81486 | L12: -1.842345 | M12: -0.81292 | N12: -0.978765 | O12: 211.90978 | P12: 488.71401 | Q12: -0.200025 | R12: -5.58739
A13: 11 | B13: 1011 | C13: 6 | D13: 6 | E13: 24.16202 | F13: -24.40055 | G13: 2.12942 | H13: -2.73444 | I13: -0.23853 | J13: -0.60502 | K13: 24.281285 | L13: 2.43193 | M13: -1.117755 | N13: -1.72385 | O13: 192.09492 | P13: 490.55636 | Q13: 0.50857 | R13: -4.77584
... A66: 64 | B66: 1064 | C66: 32.5 | D66: 32.5 | E66: 0.15459 | F66: -0.376 | G66: 16.04872 | H66: -16.42462 | I66: -0.22141 | J66: -0.3759 | K66: 0.265295 | L66: 16.23667 | M66: 0.422875 | N66: -0.12324 | O66: 22.692975 | P66: 103.21329 | Q66: -1.49147 | R66: 2.440985
A67: 65 | B67: 1065 | C67: 33 | D67: 33 | E67: -1.73648 | F67: 1.60184 | G67: 17.54144 | H67: -18.0204 | I67: -0.13464 | J67: -0.47896 | K67: -1.66916 | L67: 17.78092 | M67: -0.860665 | N67: -0.254285 | O67: 22.42768 | P67: 86.97662 | Q67: -1.917995 | R67: 2.627785 | T67: =SUM(M67:M73) -> -1.968065 | U67: ='2017-06-26T15_25_31'!Q67 -> 0.05007 | V67: =T67+U67 -> -1.917995
A68: 66 | B68: 1066 | C68: 33.5 | D68: 33.5 | E68: 1.40187 | F68: -1.64654 | G68: 17.62016 | H68: -17.98678 | I68: -0.24467 | J68: -0.36662 | K68: 1.524205 | L68: 17.80347 | M68: -0.01368 | N68: 0.082325 | O68: 24.09684 | P68: 69.1957 | Q68: -1.077685 | R68: 2.96966
A69: 67 | B69: 1067 | C69: 34 | D69: 34 | E69: 2.50719 | F69: -2.56844 | G69: 14.40917 | H69: -14.83263 | I69: -0.06125 | J69: -0.42346 | K69: 2.537815 | L69: 14.6209 | M69: 0.156325 | N69: 1.21103 | O69: 22.572635 | P69: 51.39223 | Q69: -1.095825 | R69: 2.956235
A70: 68 | B70: 1068 | C70: 34.5 | D70: 34.5 | E70: 2.54163 | F70: -2.77286 | G70: 13.35502 | H70: -13.73394 | I70: -0.23123 | J70: -0.37892 | K70: 2.657245 | L70: 13.54448 | M70: -0.7671 | N70: 0.022605 | O70: 20.03482 | P70: 36.77133 | Q70: -1.271185 | R70: 1.755955
A71: 69 | B71: 1069 | C71: 35 | D71: 35 | E71: 5.60069 | F71: -5.92509 | G71: 10.29272 | H71: -10.51548 | I71: -0.3244 | J71: -0.22276 | K71: 5.76289 | L71: 10.4041 | M71: 0.20985 | N71: 0.51098 | O71: 17.377575 | P71: 23.22685 | Q71: -0.530355 | R71: 1.77643
A72: 70 | B72: 1070 | C72: 35.5 | D72: 35.5 | E72: 4.35329 | F72: -4.54896 | G72: 8.17175 | H72: -8.52127 | I72: -0.19567 | J72: -0.34952 | K72: 4.451125 | L72: 8.34651 | M72: -0.69226 | N72: 1.25875 | O72: 11.614685 | P72: 12.82275 | Q72: -0.74265 | R72: 1.280685
A73: 71 | B73: 1071 | C73: 36 | D73: 36 | E73: 7.07979 | F73: -7.24733 | G73: 4.23545 | H73: -4.71703 | I73: -0.16754 | J73: -0.48158 | K73: 7.16356 | L73: 4.47624 | M73: -0.000535 | N73: 0.026065 | O73: 7.16356 | P73: 4.47624 | Q73: -0.03997 | R73: 0.018415
I76: =E73+F73 -> -0.16754 | J76: =G73+H73 -> -0.48158 | K76: =(E73-F73)/2 -> 7.16356 | L76: =(G73-H73)/2 -> 4.47624 | M76: =K76-'2017-06-26T15_25_31'!K73 -> -0.000535 | N76: =L76-'2017-06-26T15_25_31'!L73 -> 0.026065
